method,k_neighbour,train_accuracy,test_accuracy,roc_auc,precision_0,recall_0,f1_0,precision_1,recall_1,f1_1,ks_stat,p_value,tp,tn,fp,fn,model,sampling_method
Approach_gradient_BOOSTING,1173,0.918524,0.869,0.724779,0.879635,0.967985,0.921698,0.793522,0.481572,0.599388,0.593185,0.0,196,1542,51,211,gradient_boosting_classifier,smoten
Approach_lgbm_CLASSIFIER,1208,0.946546,0.8615,0.716412,0.876861,0.96108,0.917041,0.755906,0.471744,0.580938,0.56522,0.0,192,1531,62,215,lgbm_classifier,smoten
Approach_catboost_CLASSIFIER,818,0.950471,0.8695,0.726922,0.880571,0.967357,0.921926,0.792,0.486486,0.60274,0.561636,0.0,198,1541,52,209,catboost_classifier,smoten
Approach_ada_BOOST,950,0.90989,0.855,0.707759,0.873781,0.956058,0.91307,0.727626,0.459459,0.563253,0.553333,0.0,187,1523,70,220,ada_boost,smoten
Approach_easy_ENSEMBLE,844,0.909341,0.857,0.712673,0.875791,0.956058,0.914166,0.731801,0.469287,0.571856,0.553171,0.0,191,1523,70,216,easy_ensemble_classifier,smoten
Approach_balanced_RANDOM,821,1.0,0.86,0.699007,0.869028,0.970496,0.916963,0.78733,0.427518,0.55414,0.545746,0.0,174,1546,47,233,balanced_random_forest_classifier,smoten
Approach_random_FOREST,466,0.999922,0.8635,0.706692,0.872041,0.971124,0.918919,0.79646,0.44226,0.56872,0.543431,0.0,180,1547,46,227,random_forest_classifier,smoten
Approach_extra_TREES,405,1.0,0.8575,0.685548,0.863333,0.975518,0.916004,0.805,0.395577,0.530478,0.528871,0.0,161,1554,39,246,extra_trees_classifier,smoten
Approach_balanced_BAGGING,290,0.989717,0.8505,0.697617,0.869714,0.95543,0.910559,0.716,0.439803,0.544901,0.50563,0.0,179,1522,71,228,balanced_bagging_classifier,smoten
